nazwa testu, sr. czas sel. vm, stDev czas sel. vm, sr czas sel. HD, stDev czas sel. HD
1-AF-thr-minu-lbCpuRatio,0.00065,0.00057,0.05588,0.05182
1-AF-thr-minu-mu,0.00157,0.00609,0.04371,0.02877
1-AF-thr-minu-pck,0.00287,0.01020,0.04342,0.03067
1-AF-thr-minu-rr,0.00109,0.00074,0.00710,0.00489
1-AF-thr-minu-stp,0.00059,0.00051,0.06110,0.03937
1-AF-thr-minu-wpc,0.00041,0.00051,0.03859,0.03533
