nazwa testu, sr. czas sel. vm, stDev czas sel. vm, sr czas sel. HD, stDev czas sel. HD
1-AF-thr-rs-lbCpuRatio,0.00032,0.00048,0.03305,0.05124
1-AF-thr-rs-mu,0.00072,0.00484,0.02292,0.02609
1-AF-thr-rs-pck,0.00102,0.00779,0.02492,0.02905
1-AF-thr-rs-rr,0.00048,0.00058,0.00542,0.00365
1-AF-thr-rs-stp,0.00038,0.00049,0.04059,0.03174
1-AF-thr-rs-wpc,0.00032,0.00047,0.02444,0.04678
