nazwa testu, sr. czas sel. vm, stDev czas sel. vm, sr czas sel. HD, stDev czas sel. HD
1-AF-thr-cth-wpc,0.00044,0.00051,0.02433,0.04343
1-AF-thr-cuv-wpc,2.62470,22.45722,0.01414,0.03670
1-AF-thr-lvf-wpc,0.00028,0.00045,0.01971,0.03316
1-AF-thr-maxu-wpc,0.00029,0.00046,0.01639,0.03924
1-AF-thr-mc-wpc,0.00882,0.00510,0.02303,0.03588
1-AF-thr-minu-wpc,0.00041,0.00051,0.03859,0.03533
1-AF-thr-mmt-wpc,0.00036,0.00048,0.03032,0.03790
1-AF-thr-rs-wpc,0.00032,0.00047,0.02444,0.04678
